{"stats":{"minecraft:custom":{"minecraft:time_since_rest":8074,"minecraft:crouch_one_cm":92,"minecraft:play_one_minute":8074,"lootr:looted_stat":1,"minecraft:sprint_one_cm":20056,"minecraft:damage_taken":50,"minecraft:walk_one_cm":9300,"minecraft:sneak_time":244,"minecraft:mob_kills":7,"minecraft:drop":6,"minecraft:jump":71,"minecraft:damage_dealt":1372,"minecraft:leave_game":1,"minecraft:time_since_death":8074,"minecraft:fall_one_cm":756,"minecraft:fly_one_cm":128029},"minecraft:picked_up":{"mysticalagriculture:inferium_essence":1,"ars_nouveau:worn_notebook":1,"corruptional:corrupt_essence":1},"minecraft:mined":{"minecraft:grass":2},"minecraft:dropped":{"minecraft:redstone_torch":64,"corruptional:corrupt_essence":1,"minecraft:iron_sword":1,"minecraft:apple":4,"minecraft:torch":1,"mysticalagriculture:inferium_essence":1},"minecraft:killed":{"minecraft:piglin_brute":7},"minecraft:used":{"minecraft:redstone_torch":1,"minecraft:torch":2,"minecraft:iron_sword":25}},"DataVersion":2586}