{"stats":{"minecraft:custom":{"minecraft:time_since_rest":19158,"minecraft:waystone_activated":1,"lootr:looted_stat":8,"minecraft:sprint_one_cm":35964,"minecraft:damage_taken":228,"minecraft:walk_one_cm":42912,"minecraft:mob_kills":14,"minecraft:drop":6,"minecraft:damage_dealt":2092,"minecraft:interact_with_crafting_table":4,"minecraft:fly_one_cm":154115,"minecraft:play_one_minute":35198,"minecraft:crouch_one_cm":2873,"minecraft:walk_under_water_one_cm":6743,"minecraft:sneak_time":1066,"minecraft:boat_one_cm":103937,"minecraft:jump":204,"minecraft:leave_game":3,"minecraft:time_since_death":35198,"minecraft:walk_on_water_one_cm":6903,"minecraft:sleep_in_bed":1,"minecraft:fall_one_cm":2558},"minecraft:picked_up":{"minecraft:crafting_table":2,"minecraft:sand":1,"minecraft:porkchop":1,"minecraft:oak_log":5,"corruptional:corrupt_essence":1,"ocean_recovery:plastic_bag":1,"minecraft:dirt":28,"minecraft:apple":1,"immersiveengineering:seed":3,"minecraft:wheat_seeds":2,"mysticalagriculture:inferium_essence":1,"ars_nouveau:worn_notebook":1,"minecraft:hay_block":43,"chaosawakens:fossilised_ravager":1,"minecraft:oak_sapling":4,"chaosawakens:fossilised_donkey":2,"minecraft:mutton":2,"tardis:telescope":2,"minecraft:white_wool":1,"minecraft:cobblestone":2},"minecraft:crafted":{"minecraft:air":359},"minecraft:dropped":{"corruptional:corrupt_essence":1,"minecraft:iron_sword":1,"minecraft:torch":1,"mysticalagriculture:inferium_essence":1,"minecraft:redstone_torch":64,"minecraft:apple":4},"minecraft:mined":{"minecraft:hay_block":43,"ocean_recovery:sand_with_plastic":1,"chaosawakens:fossilised_ravager":1,"minecraft:crafting_table":2,"minecraft:grass":9,"minecraft:grass_block":29,"minecraft:oak_log":5,"minecraft:sand":1,"chaosawakens:fossilised_donkey":2,"minecraft:tall_grass":1,"minecraft:stone":2,"tardis:telescope":2},"minecraft:killed":{"minecraft:sheep":1,"ars_nouveau:summon_wolf":4,"betteranimalsplus:boar":1,"ars_nouveau:wilden_hunter":1,"minecraft:piglin_brute":7},"minecraft:used":{"minecraft:redstone_torch":1,"minecraft:apple":2,"minecraft:iron_shovel":37,"tardis:telescope":1,"minecraft:iron_axe":13,"minecraft:bread":3,"minecraft:iron_pickaxe":7,"minecraft:iron_sword":25,"minecraft:torch":2,"minecraft:dirt":28,"minecraft:crafting_table":2,"minecraft:oak_boat":1}},"DataVersion":2586}