{"stats":{"minecraft:mined":{"minecraft:grass":2},"minecraft:used":{"minecraft:redstone_torch":1,"minecraft:torch":2,"minecraft:iron_sword":18},"minecraft:killed":{"minecraft:piglin_brute":5},"minecraft:picked_up":{"mysticalagriculture:inferium_essence":1,"ars_nouveau:worn_notebook":1,"corruptional:corrupt_essence":1},"minecraft:custom":{"minecraft:jump":54,"minecraft:time_since_rest":6244,"minecraft:damage_dealt":974,"minecraft:crouch_one_cm":92,"minecraft:play_one_minute":6244,"lootr:looted_stat":1,"minecraft:sprint_one_cm":17928,"minecraft:damage_taken":50,"minecraft:time_since_death":6244,"minecraft:walk_one_cm":7235,"minecraft:sneak_time":191,"minecraft:mob_kills":5,"minecraft:fall_one_cm":756,"minecraft:fly_one_cm":111871,"minecraft:leave_game":1}},"DataVersion":2586}