{"stats":{"minecraft:custom":{"minecraft:time_since_rest":4034,"lootr:looted_stat":6,"minecraft:sprint_one_cm":25308,"minecraft:damage_taken":70,"minecraft:walk_one_cm":27845,"minecraft:mob_kills":7,"minecraft:drop":6,"minecraft:damage_dealt":1372,"minecraft:fly_one_cm":137268,"minecraft:play_one_minute":20074,"minecraft:crouch_one_cm":2873,"minecraft:walk_under_water_one_cm":567,"minecraft:sneak_time":1066,"minecraft:jump":120,"minecraft:leave_game":1,"minecraft:time_since_death":20074,"minecraft:walk_on_water_one_cm":482,"minecraft:sleep_in_bed":1,"minecraft:fall_one_cm":1451},"minecraft:picked_up":{"minecraft:oak_log":5,"corruptional:corrupt_essence":1,"minecraft:dirt":28,"minecraft:apple":1,"immersiveengineering:seed":3,"minecraft:wheat_seeds":1,"mysticalagriculture:inferium_essence":1,"ars_nouveau:worn_notebook":1,"minecraft:hay_block":10,"chaosawakens:fossilised_ravager":1,"minecraft:oak_sapling":4,"chaosawakens:fossilised_donkey":2,"tardis:telescope":2,"minecraft:cobblestone":2},"minecraft:crafted":{"minecraft:air":21},"minecraft:dropped":{"corruptional:corrupt_essence":1,"minecraft:iron_sword":1,"minecraft:torch":1,"mysticalagriculture:inferium_essence":1,"minecraft:redstone_torch":64,"minecraft:apple":4},"minecraft:mined":{"minecraft:hay_block":10,"chaosawakens:fossilised_ravager":1,"minecraft:grass":8,"minecraft:grass_block":29,"minecraft:oak_log":5,"chaosawakens:fossilised_donkey":2,"minecraft:stone":2,"tardis:telescope":2},"minecraft:killed":{"minecraft:piglin_brute":7},"minecraft:used":{"minecraft:redstone_torch":1,"minecraft:apple":2,"minecraft:iron_shovel":34,"tardis:telescope":1,"minecraft:iron_pickaxe":7,"minecraft:iron_sword":25,"minecraft:torch":2,"minecraft:dirt":28}},"DataVersion":2586}