{"stats":{"minecraft:picked_up":{"minecraft:bone":1,"minecraft:rotten_flesh":2},"minecraft:used":{"mutantmonsters:spider_pig_spawn_egg":1,"minecraft:netherite_sword":3,"mutantmonsters:mutant_zombie_spawn_egg":1,"minecraft:zombie_spawn_egg":4,"minecraft:skeleton_spawn_egg":2,"cgm:heavy_rifle":10},"minecraft:killed":{"minecraft:sheep":2,"minecraft:zombie":4},"minecraft:custom":{"minecraft:jump":14,"minecraft:time_since_rest":5110,"minecraft:leave_game":1,"minecraft:damage_dealt":201,"minecraft:crouch_one_cm":62,"minecraft:sprint_one_cm":1353,"minecraft:play_time":5110,"minecraft:time_since_death":5110,"minecraft:walk_one_cm":5178,"minecraft:sneak_time":43,"minecraft:total_world_time":5110,"minecraft:mob_kills":6,"minecraft:fly_one_cm":60148}},"DataVersion":3465}